1, 306.261, 6.158, 14.369, 6.158, 0.411
101, 61.572, 79.642, 15.19, 0.821, 0.821
201, 94.823, 88.678, 36.949, 1.232, 1.232
301, 88.676, 112.081, 23.4, 1.232, 2.053
401, 87.028, 124.395, 32.432, 1.642, 2.053
501, 97.302, 138.356, 36.949, 1.232, 0.411
601, 66.903, 132.199, 42.286, 1.232, 1.642
701, 68.558, 179.407, 88.266, 0.821, 1.232
801, 173.651, 204.033, 62.401, 3.285, 1.642
901, 377.689, 204.048, 73.076, 2.053, 2.053
1001, 130.958, 160.944, 59.939, 2.874, 2.053
1101, 167.504, 218.414, 99.35, 2.053, 2.464
1201, 159.286, 184.333, 70.613, 2.464, 1.642
1301, 148.616, 225.378, 75.949, 5.748, 2.874
1401, 144.516, 165.859, 50.085, 2.052, 1.231
1501, 134.244, 178.176, 68.56, 2.053, 1.231
1601, 144.507, 178.174, 55.833, 2.463, 1.231
1701, 140.817, 147.789, 61.991, 2.053, 1.642
1801, 149.026, 153.54, 60.349, 1.232, 1.642
1901, 162.163, 268.486, 102.224, 1.231, 1.643
2001, 229.9, 217.18, 71.434, 2.052, 1.642
2101, 208.964, 244.269, 78.002, 4.926, 2.053
2201, 169.956, 188.021, 89.498, 3.695, 2.053
2301, 190.894, 198.701, 84.16, 0.821, 5.747
2401, 184.747, 202.803, 84.571, 4.106, 2.053
2501, 201.572, 206.494, 85.392, 1.232, 1.642
2601, 225.373, 236.06, 107.971, 16.011, 8.621
2701, 262.752, 251.247, 128.499, 5.337, 2.874
2801, 220.871, 246.742, 140.404, 11.495, 25.454
2901, 236.47, 267.263, 209.785, 13.138, 16.832
3001, 314.061, 268.488, 100.992, 3.284, 2.463
3101, 240.574, 249.191, 102.635, 1.231, 2.463
3201, 250.434, 253.701, 105.097, 0.821, 2.053
3301, 410.538, 385.49, 110.845, 2.053, 2.463
3401, 266.856, 303.374, 112.898, 3.284, 2.463
3501, 276.304, 300.53, 121.109, 4.516, 2.874
3601, 191.714, 236.466, 108.792, 3.695, 4.106
3701, 270.949, 172.015, 103.456, 19.295, 20.116
3801, 277.114, 137.539, 33.664, 3.284, 2.873
3901, 206.097, 217.172, 68.97, 4.927, 4.926
4001, 198.688, 150.673, 64.865, 4.106, 3.285
4101, 208.142, 131.777, 35.716, 4.926, 2.874
4201, 132.194, 138.762, 49.264, 4.927, 3.695
4301, 210.193, 139.99, 45.569, 2.874, 3.695
4401, 136.709, 144.097, 40.644, 2.053, 3.284
4501, 131.779, 165.445, 46.801, 1.642, 3.695
4601, 164.623, 194.589, 39.822, 2.874, 3.284
4701, 197.06, 190.905, 43.107, 4.516, 3.694
4801, 182.275, 173.245, 39.001, 2.463, 3.284
4901, 148.199, 157.233, 85.802, 3.284, 3.695
5001, 143.278, 148.623, 40.643, 1.231, 3.284
5101, 133.838, 154.771, 16.422, 1.643, 4.516
5201, 224.556, 184.741, 17.653, 4.927, 4.105
5301, 164.211, 200.344, 128.909, 49.265, 28.327
5401, 270.951, 316.53, 113.308, 5.337, 22.99
5501, 264.79, 502.5, 27.096, 4.106, 9.032
5601, 357.164, 329.67, 23.401, 7.389, 8.21
5701, 235.649, 367.434, 22.58, 6.979, 8.21
5801, 282.447, 340.759, 24.222, 5.337, 8.211
5901, 277.522, 396.981, 21.759, 2.463, 6.569
6001, 256.58, 372.349, 24.632, 2.874, 7.39
6101, 259.058, 312.011, 22.99, 2.463, 8.211
6201, 269.733, 320.226, 24.632, 1.232, 7.8
6301, 296.401, 258.638, 18.475, 0.821, 7.389
6401, 158.042, 302.975, 116.593, 5.337, 11.495
6501, 282.863, 224.149, 345.263, 38.591, 126.446
6601, 263.967, 184.323, 56.655, 6.979, 7.39
6701, 154.781, 174.48, 32.433, 5.337, 5.747
6801, 162.573, 243.86, 90.318, 22.99, 9.032
6901, 212.661, 218.415, 66.097, 2.873, 6.158
7001, 180.222, 250.837, 70.202, 19.295, 8.211
7101, 181.456, 185.15, 52.549, 11.085, 6.569
7201, 169.971, 171.195, 31.611, 2.873, 4.926
7301, 185.553, 196.233, 69.791, 8.21, 5.748
7401, 193.374, 169.965, 18.885, 6.568, 5.337
7501, 159.279, 178.994, 18.063, 2.874, 5.747
7601, 171.606, 300.92, 111.666, 10.674, 9.031
7701, 298.472, 346.076, 24.222, 4.516, 6.979
7801, 298.465, 504.948, 89.908, 13.958, 8.621
7901, 462.69, 461.845, 87.445, 6.568, 9.442
8001, 435.196, 356.344, 123.572, 31.611, 13.547
8101, 276.29, 285.737, 114.54, 26.685, 11.905
8201, 208.561, 228.247, 46.801, 2.874, 5.748
8301, 201.166, 281.636, 95.655, 19.296, 11.906
8401, 217.181, 251.653, 46.391, 1.231, 9.032
8501, 234.001, 247.556, 21.759, 0.822, 6.158
8601, 181.453, 191.319, 20.116, 3.695, 6.158
8701, 186.805, 188.02, 20.938, 1.231, 6.568
8801, 172.429, 211.835, 20.116, 3.284, 6.158
8901, 184.739, 220.458, 21.348, 8.211, 6.569
9001, 783.717, 122.331, 20.938, 6.159, 6.158
9101, 190.489, 215.113, 21.348, 5.748, 6.98
9201, 206.488, 209.376, 21.758, 4.516, 6.568
9301, 103.457, 123.158, 21.348, 9.442, 6.568
9401, 109.195, 121.52, 22.579, 2.463, 6.979
9501, 104.279, 126.446, 22.579, 2.464, 6.569
9601, 113.318, 125.625, 22.169, 0.41, 6.568
9701, 104.276, 131.378, 22.579, 10.264, 6.979
9801, 117.822, 125.624, 22.99, 4.105, 6.979
9901, 118.243, 132.602, 23.811, 11.085, 6.98
10001, 116.172, 127.679, 22.99, 7.389, 7.39
10101, 113.712, 134.652, 23.401, 6.979, 6.979
10201, 126.038, 131.784, 23.4, 1.643, 7.39
10301, 118.24, 134.656, 26.274, 2.053, 7.39
10401, 128.493, 137.118, 25.042, 9.443, 8.211
10501, 121.932, 140.817, 27.917, 6.158, 9.031
10601, 121.111, 137.532, 270.134, 70.612, 55.833
10701, 123.573, 130.959, 261.923, 12.316, 82.107
10801, 126.846, 140.407, 247.965, 116.593, 72.254
10901, 128.909, 133.833, 313.24, 137.53, 45.98
11001, 125.212, 143.278, 370.715, 96.477, 22.58
11101, 130.964, 146.156, 25.864, 6.568, 8.211
11201, 132.211, 141.23, 25.864, 7.8, 7.801
11301, 128.499, 152.312, 25.864, 5.748, 7.8
11401, 123.152, 147.385, 27.095, 1.231, 8.621
11501, 135.066, 151.075, 27.506, 0.822, 8.621
11601, 132.604, 152.31, 27.916, 3.695, 8.21
11701, 134.25, 149.019, 27.916, 10.674, 9.442
11801, 133.835, 153.54, 29.149, 4.926, 9.032
11901, 130.149, 183.919, 39.001, 9.032, 8.211
12001, 137.107, 168.736, 27.506, 8.211, 8.621
12101, 143.271, 273.412, 34.485, 10.674, 9.853
12201, 241.395, 159.689, 40.232, 9.031, 8.621
12301, 147.79, 159.291, 34.074, 6.158, 9.031
12401, 146.564, 169.147, 29.97, 1.231, 8.622
12501, 149.842, 171.612, 28.738, 2.874, 9.442
12601, 161.759, 161.339, 29.969, 18.885, 9.032
12701, 154.791, 155.592, 29.559, 9.443, 24.633
12801, 148.2, 1683.198, 54.601, 27.096, 22.99
12901, 152.32, 162.162, 32.843, 6.979, 9.031
13001, 199.119, 197.873, 99.761, 13.547, 9.032
13101, 181.067, 173.244, 139.583, 1.231, 16.422
13201, 165.447, 189.668, 66.918, 1.232, 9.442
13301, 150.252, 195.011, 64.044, 12.316, 10.674
13401, 145.33, 169.546, 62.812, 4.927, 10.674
13501, 159.295, 205.679, 72.254, 5.337, 11.495
13601, 236.885, 200.343, 30.79, 1.232, 9.853
13701, 151.497, 185.56, 31.611, 2.053, 9.852
13801, 159.722, 194.601, 31.611, 13.548, 9.443
13901, 197.06, 177.77, 32.843, 9.442, 9.853
14001, 153.538, 206.498, 31.612, 9.853, 9.853
14101, 190.878, 190.083, 325.556, 22.169, 38.591
14201, 236.053, 184.735, 36.127, 6.569, 11.495
14301, 157.606, 196.236, 35.306, 2.874, 12.727
14401, 188.851, 185.98, 32.843, 1.642, 10.263
14501, 188.47, 232.369, 36.128, 6.158, 10.263
14601, 165.87, 200.341, 34.074, 2.873, 10.264
14701, 176.928, 192.955, 33.664, 2.874, 10.263
14801, 195.831, 194.59, 40.644, 11.495, 10.264
14901, 164.617, 213.484, 34.074, 6.979, 10.263
15001, 189.28, 188.433, 34.485, 20.116, 11.495
15101, 167.497, 204.445, 34.896, 9.442, 10.263
15201, 176.113, 222.103, 133.014, 6.979, 12.726
15301, 188.435, 214.71, 135.067, 9.032, 15.601
15401, 203.636, 221.699, 88.266, 2.463, 12.316
15501, 184.738, 219.231, 87.444, 11.495, 13.958
15601, 185.964, 215.958, 90.318, 16.421, 14.369
15701, 186.385, 205.689, 181.457, 0.821, 23.811
15801, 189.66, 917.961, 65.275, 11.495, 25.864
15901, 183.096, 205.679, 43.106, 1.232, 14.369
16001, 184.33, 212.66, 40.233, 18.885, 13.548
16101, 179.81, 213.492, 78.413, 17.653, 18.064
16201, 195.41, 225.805, 640.439, 230.722, 158.878
16301, 209.776, 215.115, 155.594, 2.053, 18.475
16401, 212.663, 236.059, 67.328, 31.611, 18.474
16501, 192.956, 243.446, 44.749, 0.41, 11.906
16601, 194.607, 216.762, 36.948, 9.853, 11.085
16701, 202.385, 231.14, 42.285, 3.695, 13.548
16801, 197.875, 223.736, 42.285, 0.821, 14.779
16901, 210.995, 220.472, 73.076, 4.106, 16.422
17001, 215.504, 224.571, 611.702, 215.532, 98.118
17101, 213.492, 240.166, 260.281, 78.002, 77.181
17201, 211.016, 233.589, 91.139, 10.264, 27.096
17301, 215.542, 234.819, 42.696, 7.8, 11.495
17401, 199.114, 236.462, 42.286, 2.052, 14.779
17501, 190.906, 277.521, 55.833, 6.569, 13.137
17601, 201.592, 289.424, 75.95, 10.264, 13.548
17701, 247.99, 353.057, 308.314, 33.253, 18.885
17801, 277.124, 266.034, 201.574, 2.052, 32.432
17901, 219.638, 242.199, 137.12, 15.6, 13.547
18001, 206.092, 241.401, 94.014, 4.927, 14.369
18101, 227.85, 228.679, 45.98, 1.232, 13.137
18201, 213.086, 251.674, 48.443, 2.463, 19.295
18301, 4133.28, 272.998, 175.71, 52.959, 18.885
18401, 208.961, 248.367, 117.414, 2.463, 17.242
18501, 234.83, 260.287, 87.445, 12.727, 18.474
18601, 241.393, 247.975, 100.582, 24.632, 18.475
18701, 204.848, 256.989, 42.285, 6.568, 13.137
18801, 222.454, 269.316, 43.107, 9.443, 13.137
18901, 220.88, 262.337, 41.875, 10.263, 13.958
19001, 221.262, 242.217, 50.497, 16.422, 13.958
19101, 206.097, 255.759, 163.805, 40.643, 25.864
19201, 227.849, 250.424, 648.649, 71.844, 158.057
19301, 259.885, 284.092, 245.912, 130.962, 113.308
19401, 236.459, 266.849, 43.927, 12.316, 14.369
19501, 225.401, 250.425, 56.244, 2.873, 13.548
19601, 214.315, 257.819, 45.159, 8.621, 14.369
19701, 263.554, 296.83, 291.482, 36.948, 39.001
19801, 235.242, 253.702, 159.699, 13.547, 22.58
19901, 458.147, 697.506, 360.041, 36.949, 30.79
20001, 571.053, 688.48, 96.887, 19.295, 17.243
20101, 255.768, 263.577, 266.028, 26.275, 16.422
20201, 236.884, 298.471, 57.475, 18.063, 17.243
20301, 232.81, 273.013, 236.47, 15.189, 23.401
20401, 223.338, 273.425, 189.258, 50.496, 49.675
20501, 236.049, 504.951, 54.191, 12.317, 14.779
20601, 784.937, 687.649, 50.496, 5.337, 17.242
20701, 472.93, 574.754, 57.885, 25.864, 21.348
20801, 456.931, 319.812, 49.675, 2.053, 16.422
20901, 588.706, 635.93, 288.197, 50.497, 23.401
21001, 559.158, 700.786, 218.817, 13.958, 43.106
21101, 585.0, 645.362, 53.37, 12.316, 16.422
21201, 482.785, 535.355, 65.687, 25.453, 25.863
21301, 454.468, 516.86, 88.266, 2.052, 31.201
21401, 513.615, 871.591, 1380.638, 135.477, 284.913
21501, 724.599, 928.234, 663.839, 91.55, 186.384
21601, 511.113, 635.916, 80.876, 22.991, 25.042
21701, 452.009, 550.53, 494.287, 261.102, 172.015
21801, 679.026, 578.054, 108.792, 8.21, 19.705
21901, 497.987, 484.038, 62.402, 20.937, 19.705
22001, 419.992, 503.327, 77.181, 31.611, 25.043
22101, 405.199, 480.743, 53.37, 9.032, 16.422
22201, 457.722, 768.538, 533.699, 86.213, 75.95
22301, 621.563, 527.541, 129.73, 7.39, 21.348
22401, 519.343, 626.904, 79.233, 3.695, 28.738
22501, 2258.789, 314.084, 57.475, 21.348, 20.116
22601, 370.723, 345.265, 139.173, 18.474, 45.98
22701, 280.824, 356.763, 1018.134, 379.747, 371.947
22801, 290.657, 313.657, 586.248, 121.93, 319.399
22901, 314.056, 300.118, 57.475, 6.979, 18.474
23001, 344.416, 308.309, 83.339, 11.906, 28.738
23101, 259.053, 334.183, 634.691, 38.591, 138.762
23201, 268.08, 305.04, 310.366, 13.959, 27.095
23301, 275.891, 368.671, 68.97, 9.032, 35.306
23401, 294.765, 312.005, 96.066, 5.337, 22.169
23501, 247.561, 346.092, 66.507, 0.821, 24.222
23601, 283.251, 337.872, 823.949, 220.869, 257.407
23701, 330.072, 345.663, 533.288, 46.39, 32.432
23801, 304.622, 344.444, 123.161, 22.169, 36.538
23901, 277.963, 315.297, 92.782, 32.022, 42.285
24001, 285.716, 330.49, 187.205, 19.706, 131.372
24101, 281.222, 477.448, 725.01, 71.844, 203.626
24201, 316.12, 423.271, 968.048, 96.476, 58.296
24301, 286.554, 325.55, 83.749, 6.568, 25.864
24401, 282.862, 318.576, 65.686, 1.642, 22.579
24501, 311.184, 322.675, 1057.956, 117.824, 208.554
24601, 286.991, 330.892, 483.203, 6.569, 46.801
24701, 289.84, 327.196, 68.97, 16.422, 19.295
24801, 288.162, 331.297, 58.297, 13.137, 17.242
24901, 289.434, 335.822, 69.381, 24.632, 22.579
25001, 309.953, 406.839, 920.426, 126.856, 488.95
25101, 291.907, 333.754, 227.849, 13.137, 29.969
25201, 303.377, 379.742, 69.792, 17.653, 25.043
25301, 288.212, 341.159, 67.328, 2.463, 25.454
25401, 294.35, 424.494, 285.734, 61.58, 58.296
25501, 285.727, 430.235, 709.409, 326.788, 244.27
25601, 293.114, 344.442, 933.152, 29.559, 55.012
25701, 473.346, 341.57, 85.802, 4.926, 34.895
25801, 291.466, 387.954, 169.552, 3.695, 111.255
25901, 319.403, 346.894, 733.221, 295.177, 301.745
26001, 36861.375, 332.134, 83.749, 10.674, 22.169
26101, 310.357, 357.576, 86.624, 10.674, 25.042
26201, 316.136, 397.807, 1114.199, 6.979, 250.017
26301, 329.24, 384.676, 865.413, 163.805, 402.327
26401, 344.036, 339.908, 90.729, 0.821, 27.916
26501, 305.454, 351.001, 103.866, 35.306, 40.643
26601, 311.2, 380.154, 782.485, 254.122, 267.671
26701, 385.511, 399.035, 812.865, 37.77, 105.098
26801, 373.994, 359.628, 72.254, 3.695, 28.738
26901, 320.624, 585.432, 370.305, 7.39, 75.539
27001, 509.067, 1472.196, 1181.938, 24.632, 591.995
27101, 675.336, 660.561, 190.489, 32.433, 64.865
27201, 564.502, 1107.179, 759.084, 198.7, 276.703
27301, 372.79, 361.671, 584.606, 13.548, 57.476
27401, 325.97, 352.234, 131.782, 27.506, 55.012
27501, 317.367, 381.375, 1388.849, 274.24, 305.44
27601, 312.427, 376.06, 259.459, 125.624, 206.09
27701, 348.143, 368.663, 91.55, 5.748, 32.022
27801, 322.701, 369.472, 87.445, 11.495, 27.917
27901, 313.234, 581.321, 119.466, 8.21, 31.201
28001, 330.911, 399.056, 84.571, 22.169, 28.738
28101, 312.425, 372.365, 73.897, 30.38, 27.095
28201, 315.699, 377.701, 77.592, 9.031, 26.685
28301, 318.98, 370.712, 75.538, 17.653, 26.685
28401, 480.33, 420.799, 89.908, 22.99, 29.559
28501, 352.234, 395.749, 1632.298, 214.301, 214.3
28601, 335.007, 376.476, 169.962, 4.926, 33.253
28701, 345.687, 375.231, 88.266, 32.022, 32.843
28801, 347.304, 418.338, 82.518, 20.937, 22.99
28901, 330.914, 415.458, 467.192, 98.118, 82.929
29001, 367.429, 388.784, 361.273, 62.812, 130.962
29101, 402.769, 1027.57, 464.729, 43.107, 43.106
29201, 717.183, 766.071, 81.697, 25.042, 29.148
29301, 744.705, 513.993, 1562.096, 139.994, 509.478
29401, 1602.733, 1656.525, 101.403, 43.106, 72.666
29501, 727.488, 737.726, 84.161, 16.422, 33.664
29601, 721.739, 760.714, 88.676, 30.379, 32.843
29701, 785.759, 852.266, 90.318, 18.474, 32.022
29801, 699.968, 766.902, 87.444, 4.516, 29.148
29901, 837.06, 781.661, 88.676, 36.127, 33.254
30001, 777.54, 814.953, 89.087, 32.022, 33.664
30101, 1332.162, 1863.009, 387.548, 124.392, 68.149
30201, 1460.283, 889.621, 85.392, 32.432, 33.664
30301, 745.979, 866.647, 85.392, 26.685, 33.664
30401, 1159.362, 1974.678, 523.846, 206.911, 135.478
30501, 1496.012, 918.367, 92.371, 8.211, 29.969
30601, 806.695, 1040.286, 272.597, 7.39, 64.044
30701, 1647.479, 1562.533, 436.812, 66.508, 45.98
30801, 1484.072, 864.6, 89.087, 2.053, 28.738
30901, 785.354, 821.105, 89.497, 11.906, 29.559
31001, 1411.421, 1466.856, 525.488, 0.821, 203.216
31101, 1435.661, 916.736, 91.55, 16.421, 31.611
31201, 752.918, 804.652, 112.077, 6.158, 40.643
31301, 1367.517, 1584.676, 520.151, 49.675, 186.384
31401, 1491.074, 909.746, 94.013, 13.137, 30.79
31501, 840.761, 844.06, 96.477, 21.759, 34.074
31601, 1344.106, 1594.536, 500.035, 49.264, 199.522
31701, 1539.528, 921.643, 92.371, 27.095, 30.38
31801, 843.661, 833.384, 95.245, 25.042, 30.79
31901, 5965.915, 535.749, 917.141, 129.32, 526.309
32001, 372.752, 419.167, 140.404, 36.538, 109.203
32101, 1278.789, 1360.532, 2904.143, 282.45, 568.595
32201, 932.334, 1098.607, 532.878, 36.128, 78.002
32301, 595.283, 420.798, 76.36, 29.97, 28.327
32401, 379.753, 424.078, 91.96, 8.621, 33.664
32501, 374.013, 424.912, 86.213, 34.485, 35.307
32601, 369.089, 423.673, 93.192, 9.031, 35.717
32701, 375.253, 504.976, 944.237, 252.891, 348.957
32801, 403.563, 442.553, 516.867, 16.011, 50.496
32901, 408.081, 431.882, 79.234, 8.622, 30.38
33001, 397.81, 443.382, 75.129, 13.547, 27.917
33101, 392.063, 457.757, 571.468, 16.832, 66.507
33201, 393.679, 451.587, 320.219, 53.78, 96.887
33301, 379.315, 456.514, 98.529, 29.148, 37.769
33401, 389.175, 437.217, 89.498, 14.78, 41.875
33501, 387.16, 452.005, 559.152, 32.432, 113.719
33601, 392.901, 451.59, 121.929, 30.38, 29.559
33701, 452.41, 632.231, 279.576, 16.832, 48.854
33801, 611.708, 443.376, 98.118, 4.516, 27.917
33901, 471.692, 545.613, 746.358, 170.784, 213.89
34001, 541.871, 497.974, 158.057, 30.79, 53.78
34101, 419.96, 450.345, 99.35, 2.874, 39.822
34201, 393.703, 464.309, 1423.745, 494.697, 317.756
34301, 406.86, 497.566, 465.139, 9.443, 40.643
34401, 502.5, 456.131, 108.382, 19.706, 37.359
34501, 399.443, 515.236, 655.218, 164.215, 520.152
34601, 603.492, 511.107, 1495.178, 119.877, 409.306
34701, 406.436, 454.472, 103.045, 3.285, 35.717
34801, 398.605, 505.778, 1180.706, 4.926, 77.591
34901, 430.628, 520.565, 794.801, 16.011, 59.117
35001, 407.653, 486.883, 78.412, 8.621, 25.043
35101, 426.579, 498.398, 102.634, 41.874, 31.611
35201, 607.175, 516.878, 435.581, 33.253, 62.812
35301, 408.487, 672.869, 667.124, 20.116, 28.327
35401, 549.32, 527.543, 114.54, 2.464, 27.095
35501, 423.679, 504.137, 906.467, 128.909, 68.56
35601, 416.29, 470.042, 321.862, 33.664, 46.802
35701, 407.244, 504.143, 86.213, 25.864, 27.916
35801, 472.138, 518.116, 114.13, 2.464, 35.306
35901, 520.956, 524.285, 991.449, 89.908, 64.044
36001, 601.833, 474.587, 351.01, 36.127, 48.854
36101, 409.285, 495.109, 127.266, 26.684, 30.38
36201, 426.138, 864.594, 572.7, 156.005, 78.412
36301, 428.205, 489.788, 163.394, 1.231, 57.065
36401, 424.905, 504.541, 209.374, 45.98, 90.318
36501, 453.229, 958.177, 295.177, 13.137, 54.602
36601, 711.871, 644.132, 500.856, 91.96, 82.108
36701, 572.69, 544.368, 192.132, 13.548, 45.57
36801, 491.833, 8313.806, 296.819, 34.895, 73.897
36901, 478.674, 504.96, 103.866, 29.148, 32.021
37001, 437.628, 500.033, 122.34, 24.222, 35.307
37101, 426.539, 511.94, 106.74, 26.685, 32.022
37201, 1097.758, 1268.971, 96.476, 3.695, 30.38
37301, 1110.097, 1189.73, 153.952, 59.118, 62.401
37401, 982.418, 1254.211, 117.824, 41.464, 48.033
37501, 684.374, 1187.291, 323.915, 181.868, 197.879
37601, 472.508, 481.99, 96.887, 17.653, 37.77
37701, 431.088, 507.418, 102.634, 23.812, 32.843
37801, 441.325, 497.153, 109.203, 7.801, 29.148
37901, 450.37, 514.797, 98.529, 19.706, 29.559
38001, 447.094, 500.019, 105.097, 21.348, 33.664
38101, 441.738, 499.621, 103.866, 7.39, 32.432
38201, 448.314, 497.979, 103.456, 11.495, 34.074
38301, 440.085, 520.968, 173.657, 10.674, 50.907
38401, 449.132, 512.345, 105.509, 38.591, 45.57
38501, 454.03, 505.367, 100.171, 13.137, 38.18
38601, 474.563, 523.437, 113.308, 17.243, 36.948
38701, 449.154, 525.093, 103.456, 2.463, 36.948
38801, 506.185, 521.805, 116.592, 17.243, 36.537
38901, 474.561, 539.457, 114.54, 17.653, 41.875
39001, 446.632, 555.451, 115.362, 36.127, 39.822
39101, 483.98, 603.477, 162.573, 26.685, 71.023
39201, 520.126, 771.395, 291.071, 58.296, 95.655
39301, 479.911, 542.732, 100.171, 22.169, 41.054
39401, 507.851, 545.611, 104.277, 45.98, 42.286
39501, 539.434, 576.822, 104.687, 17.243, 40.233
39601, 484.442, 620.73, 121.519, 37.769, 37.77
39701, 502.909, 525.095, 102.634, 1.231, 34.485
39801, 456.082, 528.75, 101.814, 33.664, 37.359
39901, 502.505, 550.135, 111.666, 4.515, 38.18
40001, 469.665, 536.988, 96.065, 32.432, 28.738
40101, 580.522, 522.615, 94.424, 6.979, 27.916
40201, 474.974, 544.784, 102.224, 21.759, 29.969
40301, 451.998, 543.954, 98.939, 23.811, 28.328
40401, 484.447, 606.782, 109.614, 10.264, 29.559
40501, 511.534, 598.171, 103.866, 18.885, 29.148
40601, 479.108, 543.957, 98.529, 34.075, 28.738
40701, 482.361, 547.67, 107.561, 20.937, 29.558
40801, 478.68, 537.407, 102.634, 7.8, 29.559
40901, 482.756, 552.593, 103.866, 31.612, 30.38
41001, 477.848, 568.593, 102.224, 5.748, 30.791
41101, 478.698, 546.438, 97.298, 27.916, 28.738
41201, 492.238, 1121.586, 109.203, 29.558, 39.822
41301, 879.774, 2464.033, 105.509, 6.979, 32.432
41401, 3096.704, 2979.676, 104.276, 7.8, 30.379
41501, 2654.137, 1219.302, 102.224, 4.516, 30.38
41601, 1124.878, 1150.318, 136.298, 9.442, 37.769
41701, 1030.037, 1202.481, 124.804, 30.791, 37.359
41801, 990.607, 1056.733, 121.93, 9.443, 34.074
41901, 1041.079, 1092.042, 118.235, 26.274, 29.558
42001, 996.816, 1075.602, 111.256, 6.98, 29.969
42101, 1152.005, 1063.703, 103.866, 2.463, 31.611
42201, 1219.298, 1110.922, 128.909, 8.211, 34.075
42301, 1069.87, 1082.179, 107.151, 14.368, 31.201
42401, 1017.712, 1093.673, 109.614, 28.738, 30.38
42501, 1080.137, 1102.275, 133.014, 26.685, 29.559
42601, 1034.581, 1115.025, 124.804, 13.959, 32.843
42701, 1027.555, 1100.66, 109.613, 20.527, 31.201
42801, 1164.283, 2000.137, 180.226, 11.495, 34.896
42901, 1037.031, 1155.65, 103.866, 2.053, 29.559
43001, 1006.662, 1118.283, 112.077, 19.705, 30.79
43101, 1015.648, 1144.988, 110.435, 34.075, 32.022
43201, 1012.386, 1137.171, 112.487, 29.969, 30.791
43301, 1055.884, 1151.533, 114.54, 34.896, 32.022
43401, 1014.045, 1195.09, 235.239, 2.053, 35.717
43501, 1039.449, 1177.013, 152.72, 48.854, 39.411
43601, 1177.024, 1115.442, 107.561, 40.643, 32.433
43701, 1046.458, 1158.56, 110.845, 5.337, 33.253
43801, 1509.125, 1238.177, 185.563, 11.906, 57.475
43901, 939.308, 859.643, 146.151, 9.032, 45.981
44001, 1034.551, 1122.818, 167.5, 49.675, 53.781
44101, 1188.953, 1128.157, 159.699, 61.17, 55.012
44201, 1112.141, 1131.022, 138.761, 42.696, 45.159
44301, 1068.619, 1180.285, 228.259, 6.569, 48.443
44401, 1171.672, 1140.478, 133.835, 42.695, 50.086
44501, 1139.626, 1243.94, 200.753, 68.149, 74.717
44601, 1069.888, 1165.925, 139.583, 5.748, 47.212
44701, 1146.65, 1110.091, 133.835, 53.369, 50.496
44801, 1108.452, 1130.613, 133.425, 30.38, 31.201
44901, 1134.754, 1504.198, 156.415, 27.917, 43.928
45001, 1253.791, 1140.484, 118.645, 30.38, 44.749
45101, 1080.959, 7107.207, 179.405, 62.402, 88.676
45201, 552.182, 610.471, 118.645, 16.832, 40.643
45301, 518.923, 619.485, 125.625, 0.411, 43.517
45401, 655.228, 616.622, 118.235, 29.559, 34.896
45501, 520.564, 654.411, 110.845, 22.99, 34.896
45601, 568.171, 573.935, 107.15, 15.6, 36.537
45701, 527.125, 630.165, 112.487, 28.327, 39.412
45801, 534.115, 665.902, 123.983, 10.674, 41.874
45901, 537.828, 621.956, 149.436, 20.116, 40.233
46001, 541.479, 626.477, 106.739, 16.832, 33.664
46101, 559.123, 615.808, 124.393, 19.295, 44.749
46201, 564.095, 624.423, 172.426, 30.791, 69.792
46301, 573.11, 654.811, 130.551, 55.833, 52.96
46401, 564.073, 587.074, 127.678, 1.642, 83.34
46501, 561.605, 643.314, 192.131, 30.379, 77.591
46601, 546.818, 631.82, 132.604, 50.086, 64.865
46701, 543.142, 675.34, 139.583, 44.749, 44.749
46801, 551.776, 615.392, 156.414, 6.158, 41.053
46901, 566.572, 609.241, 135.888, 47.622, 50.086
47001, 533.734, 621.967, 161.341, 36.127, 53.781
47101, 558.352, 623.602, 105.919, 13.958, 33.253
47201, 545.178, 615.814, 108.792, 2.874, 33.664
47301, 554.225, 631.803, 108.793, 12.316, 32.433
47401, 572.681, 618.691, 106.74, 3.284, 32.022
47501, 587.433, 624.442, 126.446, 31.201, 32.433
47601, 568.164, 738.135, 130.962, 36.538, 35.307
47701, 624.003, 793.977, 176.531, 31.201, 62.402
47801, 608.385, 629.764, 237.29, 69.381, 76.77
47901, 575.181, 638.39, 165.446, 6.158, 33.664
48001, 553.815, 637.955, 108.382, 17.243, 33.664
48101, 561.638, 629.364, 120.287, 24.221, 33.253
48201, 548.054, 629.365, 112.898, 3.695, 33.254
48301, 560.392, 644.117, 110.434, 28.738, 33.253
48401, 562.863, 739.795, 125.625, 27.095, 34.074
48501, 588.694, 637.152, 111.666, 4.927, 33.253
48601, 550.111, 658.504, 121.109, 24.633, 35.306
48701, 577.641, 694.219, 229.49, 45.57, 40.643
48801, 578.468, 665.89, 163.394, 27.917, 57.475
48901, 561.184, 649.068, 108.382, 3.285, 32.843
49001, 569.407, 667.951, 110.024, 6.159, 33.253
49101, 580.118, 732.007, 221.69, 34.895, 35.716
49201, 754.148, 667.118, 108.382, 22.99, 33.664
49301, 621.578, 675.732, 132.603, 51.728, 34.074
49401, 561.599, 744.717, 119.877, 31.612, 34.896
49501, 626.896, 662.995, 117.824, 14.779, 34.485
49601, 588.674, 664.656, 111.256, 17.243, 33.665
49701, 575.142, 744.707, 266.029, 22.99, 102.224
49801, 616.239, 690.522, 146.972, 4.927, 41.465
49901, 589.935, 667.121, 117.413, 22.169, 35.717
50001, 576.406, 676.169, 114.95, 25.043, 35.306
50101, 660.126, 683.962, 123.162, 44.748, 34.896
50201, 596.099, 672.888, 115.361, 27.506, 34.485
50301, 571.451, 652.736, 135.888, 37.359, 34.485
50401, 596.886, 649.07, 114.54, 31.201, 34.074
50501, 593.612, 645.791, 119.467, 8.211, 34.895
50601, 630.146, 690.954, 125.214, 0.0, 34.896
50701, 584.626, 676.974, 149.847, 31.611, 106.74
50801, 582.14, 660.978, 117.414, 20.937, 34.485
50901, 602.697, 674.106, 121.519, 6.979, 34.485
51001, 662.187, 726.245, 148.204, 30.38, 33.664
51101, 589.084, 676.978, 114.95, 30.79, 34.895
51201, 612.511, 672.464, 114.951, 24.633, 34.896
51301, 617.468, 713.518, 117.413, 27.095, 35.306
51401, 702.409, 693.814, 112.488, 29.148, 35.306
51501, 592.399, 666.709, 115.772, 27.916, 35.306
51601, 594.859, 718.441, 117.414, 9.853, 34.895
51701, 639.24, 706.135, 116.593, 19.295, 34.896
51801, 641.273, 686.406, 204.038, 37.359, 69.381
51901, 702.038, 690.108, 153.542, 20.116, 35.716
52001, 623.604, 713.103, 122.751, 30.79, 36.537
52101, 610.484, 6665.888, 312.419, 82.107, 95.245
52201, 605.125, 732.002, 199.521, 29.148, 82.518
52301, 622.77, 703.674, 139.583, 34.485, 49.264
52401, 633.432, 665.913, 163.394, 2.873, 50.086
52501, 603.896, 713.114, 148.614, 38.591, 53.781
52601, 608.813, 705.32, 170.373, 25.453, 60.349
52701, 619.981, 702.433, 152.309, 3.695, 69.791
52801, 637.977, 742.238, 165.857, 263.155, 187.205
52901, 795.206, 700.797, 165.447, 5.747, 59.938
53001, 606.766, 704.079, 151.489, 0.41, 55.833
53101, 613.765, 687.648, 149.436, 37.359, 53.78
53201, 642.48, 693.819, 151.489, 55.423, 80.054
53301, 656.442, 714.321, 249.197, 117.824, 91.96
53401, 692.171, 711.476, 163.805, 56.654, 60.76
53501, 613.756, 699.567, 155.594, 26.685, 52.138
53601, 606.39, 727.88, 292.713, 48.033, 98.118
53701, 667.512, 715.973, 158.468, 33.664, 56.244
53801, 680.666, 706.137, 165.036, 4.516, 42.696
53901, 603.881, 720.077, 155.183, 43.517, 38.591
54001, 624.434, 706.936, 148.204, 11.495, 38.18
54101, 620.734, 706.119, 316.114, 13.958, 40.232
54201, 628.925, 703.666, 166.267, 32.022, 37.359
54301, 619.48, 722.136, 146.973, 8.622, 37.769
54401, 626.076, 732.392, 172.426, 3.285, 39.001
54501, 640.857, 741.016, 158.468, 49.265, 38.18
54601, 619.098, 802.198, 145.33, 29.148, 55.013
54701, 621.971, 739.394, 144.099, 22.991, 52.138
54801, 736.492, 767.711, 127.677, 4.927, 37.769
54901, 654.416, 740.61, 122.751, 22.99, 37.359
55001, 622.367, 731.971, 124.804, 5.748, 37.358
55101, 639.618, 743.486, 138.352, 17.243, 39.822
55201, 637.99, 754.97, 157.647, 2.874, 41.465
55301, 639.583, 741.024, 140.404, 2.463, 38.18
55401, 661.766, 766.061, 127.266, 10.263, 37.359
55501, 633.51, 766.062, 123.161, 32.022, 38.18
55601, 653.613, 802.598, 125.214, 22.579, 37.769
55701, 637.596, 870.746, 324.736, 41.054, 102.635
55801, 666.728, 752.5, 127.677, 47.622, 37.77
55901, 655.979, 709.836, 125.214, 20.937, 38.59
56001, 672.041, 735.265, 131.372, 33.253, 39.412
56101, 709.439, 763.593, 151.489, 39.001, 38.18
56201, 669.132, 740.614, 129.73, 31.2, 38.18
56301, 665.866, 766.472, 130.962, 36.949, 38.591
56401, 657.324, 821.468, 273.008, 32.843, 39.411
56501, 671.624, 746.361, 136.709, 31.2, 40.644
56601, 672.894, 741.43, 130.14, 14.368, 38.591
56701, 696.301, 748.832, 181.047, 47.212, 40.233
56801, 678.281, 730.345, 128.088, 37.359, 62.402
56901, 659.747, 787.413, 146.562, 6.979, 39.412
57001, 666.328, 748.413, 130.962, 4.105, 39.002
57101, 668.805, 812.462, 131.782, 43.928, 39.001
57201, 685.547, 855.957, 147.383, 43.517, 40.644
57301, 663.018, 771.802, 127.677, 27.506, 39.411
57401, 692.206, 828.095, 146.151, 22.99, 39.822
57501, 693.404, 879.789, 133.835, 2.052, 40.643
57601, 679.059, 793.158, 332.946, 48.443, 70.202
57701, 1849.076, 764.842, 252.891, 79.644, 145.741
57801, 788.622, 752.912, 129.319, 43.106, 40.233
57901, 695.037, 818.598, 140.404, 10.674, 39.822
58001, 679.458, 813.272, 219.638, 83.339, 92.371
58101, 753.713, 791.125, 137.119, 22.169, 44.749
58201, 672.474, 766.057, 156.005, 4.106, 55.012
58301, 766.851, 782.091, 164.625, 42.696, 56.243
58401, 1168.782, 1510.375, 189.257, 35.306, 69.381
58501, 1494.774, 1554.305, 204.037, 49.265, 48.033
58601, 1378.602, 1509.142, 147.793, 32.022, 42.696
58701, 1483.294, 1477.935, 165.447, 5.337, 43.106
58801, 1424.575, 1569.522, 182.279, 39.412, 59.118
58901, 1431.148, 1514.502, 214.711, 20.527, 66.917
59001, 1471.415, 1591.23, 249.197, 18.474, 44.749
59101, 1363.79, 1517.371, 137.12, 39.412, 40.643
59201, 1550.214, 1654.471, 147.794, 15.189, 41.875
59301, 1435.24, 1746.851, 204.859, 27.095, 63.633
59401, 1431.526, 1510.787, 172.836, 72.665, 78.002
59501, 1526.339, 1525.539, 188.847, 5.337, 46.391
59601, 1429.073, 1756.288, 171.194, 36.538, 53.781
59701, 1404.467, 1558.794, 157.646, 3.695, 41.875
59801, 1555.124, 1547.338, 141.225, 34.896, 54.602
59901, 1514.52, 1578.932, 172.836, 0.821, 41.875
60001, 1681.951, 1658.133, 165.037, 12.726, 43.517
60101, 1636.422, 1600.676, 153.951, 33.664, 43.517
60201, 1458.252, 1590.409, 188.847, 21.758, 51.317
60301, 1424.611, 1818.679, 158.468, 59.117, 43.517
60401, 1673.763, 1740.24, 152.31, 2.464, 43.106
60501, 1541.99, 1572.375, 161.341, 19.706, 45.159
60601, 1514.906, 1551.885, 147.793, 27.096, 41.464
60701, 1477.109, 1772.734, 229.49, 7.8, 63.223
60801, 1467.705, 1622.865, 193.774, 81.287, 72.255
60901, 1528.44, 1590.01, 194.595, 111.256, 117.824
61001, 1071.504, 1564.125, 201.985, 16.422, 80.466
61101, 1431.578, 1635.561, 222.511, 67.328, 75.128
61201, 1466.857, 2535.485, 275.47, 16.01, 49.675
61301, 1560.84, 1674.178, 256.175, 32.022, 128.087
61401, 1525.54, 1635.59, 160.11, 51.317, 45.57
61501, 1506.662, 1560.014, 148.615, 4.105, 42.285
61601, 1590.836, 1635.993, 313.651, 71.434, 68.97
61701, 1507.129, 6022.603, 267.26, 23.811, 99.35
61801, 716.815, 805.893, 243.859, 2.873, 47.212
61901, 767.73, 806.296, 142.867, 52.549, 56.654
62001, 710.213, 833.801, 246.323, 21.758, 192.132
62101, 768.576, 891.291, 162.983, 63.223, 56.244
62201, 751.693, 814.521, 165.857, 4.105, 46.802
62301, 741.429, 873.213, 205.269, 15.601, 53.781
62401, 803.418, 844.078, 160.11, 20.527, 50.085
62501, 736.134, 831.334, 212.248, 4.516, 50.496
62601, 713.096, 850.649, 178.173, 34.486, 80.466
62701, 770.122, 826.426, 202.395, 22.99, 70.202
62801, 736.483, 822.722, 236.47, 82.928, 66.097
62901, 749.62, 855.548, 333.357, 16.011, 77.182
63001, 728.711, 867.474, 196.648, 58.707, 56.654
63101, 874.411, 837.1, 195.826, 18.064, 92.371
63201, 734.093, 888.393, 176.531, 21.348, 62.812
63301, 718.434, 867.058, 183.51, 18.885, 64.454
63401, 747.217, 841.605, 170.783, 18.475, 60.349
63501, 748.458, 863.754, 190.489, 42.285, 57.476
63601, 711.104, 852.259, 161.342, 6.158, 57.065
63701, 807.944, 888.406, 186.384, 29.558, 48.033
63801, 801.42, 950.801, 181.047, 22.169, 45.981
63901, 765.295, 850.235, 142.046, 9.443, 52.549
64001, 786.211, 941.762, 170.784, 22.169, 76.36
64101, 744.317, 870.759, 156.415, 17.653, 46.801
64201, 762.404, 850.627, 171.194, 33.664, 43.107
64301, 766.531, 903.596, 209.374, 14.78, 50.086
64401, 769.775, 856.806, 185.973, 35.717, 43.928
64501, 720.105, 877.732, 205.269, 46.802, 45.98
64601, 754.142, 848.575, 214.711, 13.548, 50.085
64701, 786.218, 883.91, 179.815, 7.801, 44.338
64801, 720.471, 886.358, 212.248, 11.084, 43.927
64901, 767.77, 881.842, 166.679, 12.316, 43.517
65001, 783.274, 923.299, 158.467, 24.632, 44.749
65101, 746.388, 958.597, 891.688, 139.582, 73.897
65201, 1599.851, 882.644, 147.383, 32.433, 45.159
65301, 749.669, 960.216, 285.734, 82.108, 106.329
65401, 794.39, 882.664, 201.574, 5.337, 68.149
65501, 776.34, 922.898, 167.088, 3.284, 45.981
65601, 797.271, 923.707, 210.195, 18.064, 85.392
65701, 765.667, 850.213, 215.122, 81.287, 71.023
65801, 763.203, 877.734, 175.711, 8.211, 63.223
65901, 774.277, 939.309, 199.111, 39.001, 73.486
66001, 754.969, 895.386, 180.226, 39.001, 63.223
66101, 763.208, 869.93, 176.531, 81.287, 89.087
66201, 784.927, 921.234, 194.594, 61.17, 73.076
66301, 771.781, 1011.56, 204.037, 70.202, 69.381
66401, 771.035, 895.397, 184.331, 36.538, 63.633
66501, 783.244, 878.54, 209.785, 92.371, 77.181
66601, 811.635, 902.794, 175.299, 34.485, 64.043
66701, 793.167, 901.166, 179.405, 33.664, 65.275
66801, 771.793, 887.578, 188.847, 8.211, 66.507
66901, 842.057, 899.497, 171.194, 15.19, 61.581
67001, 829.682, 891.274, 172.015, 34.895, 47.622
67101, 776.306, 885.937, 259.459, 71.023, 107.971
67201, 775.927, 928.642, 225.796, 19.296, 78.823
67301, 803.406, 910.148, 216.763, 48.854, 64.864
67401, 808.763, 894.565, 180.226, 17.242, 64.043
67501, 809.972, 893.734, 200.753, 41.464, 66.918
67601, 744.683, 940.554, 190.49, 41.875, 68.15
67701, 808.3, 922.065, 182.279, 17.653, 64.865
67801, 773.014, 1058.36, 287.787, 91.961, 131.783
67901, 829.292, 878.135, 162.162, 30.791, 48.033
68001, 790.265, 930.659, 171.605, 16.011, 49.675
68101, 779.587, 910.165, 169.142, 1.642, 47.212
68201, 841.621, 926.589, 271.365, 28.327, 107.972
68301, 862.162, 925.761, 183.921, 40.233, 63.223
68401, 778.817, 901.126, 243.859, 2.873, 70.612
68501, 800.551, 887.163, 183.921, 1.231, 66.097
68601, 823.916, 893.73, 186.795, 55.423, 71.433
68701, 812.007, 940.981, 336.23, 35.717, 78.413
68801, 801.77, 910.155, 164.626, 53.37, 48.443
68901, 800.599, 897.841, 168.731, 26.274, 48.443
69001, 839.933, 1186.859, 543.141, 77.592, 179.405
69101, 801.384, 933.15, 253.712, 87.445, 106.74
69201, 789.853, 917.147, 218.817, 46.391, 85.803
69301, 805.46, 913.455, 227.848, 83.339, 77.181
69401, 820.678, 929.457, 193.363, 75.128, 74.718
69501, 869.99, 935.194, 214.301, 26.685, 77.592
69601, 800.126, 965.161, 228.259, 63.633, 71.433
69701, 804.715, 972.151, 195.415, 88.676, 148.204
69801, 857.614, 914.673, 191.311, 68.559, 67.738
69901, 800.147, 965.192, 254.534, 20.937, 107.151
70001, 798.065, 1722.204, 204.859, 34.485, 97.708
70101, 793.149, 920.42, 208.553, 50.496, 78.823
70201, 812.476, 991.043, 261.923, 9.443, 160.931
70301, 849.443, 918.363, 247.143, 87.444, 82.108
70401, 804.208, 954.897, 206.09, 52.139, 89.497
70501, 848.983, 960.254, 206.09, 22.99, 79.645
70601, 836.287, 949.563, 225.385, 66.507, 76.771
70701, 805.072, 997.6, 252.891, 31.611, 78.002
70801, 892.871, 960.261, 245.09, 79.644, 86.213
70901, 850.225, 920.032, 235.649, 7.801, 107.15
71001, 872.001, 936.46, 203.216, 34.075, 73.486
71101, 889.618, 1124.461, 229.49, 50.086, 76.36
71201, 776.785, 1107.646, 339.925, 17.653, 136.709
71301, 809.597, 955.306, 264.387, 73.896, 121.109
71401, 863.316, 1003.358, 179.816, 16.422, 55.833
71501, 875.721, 985.71, 174.068, 4.106, 50.085
71601, 819.4, 931.92, 186.794, 14.779, 49.265
71701, 939.763, 1079.712, 230.722, 42.695, 50.496
71801, 836.675, 1022.653, 176.941, 55.012, 50.907
71901, 821.842, 959.026, 224.975, 42.696, 51.317
72001, 891.688, 995.157, 179.405, 52.138, 63.223
72101, 858.416, 961.885, 290.661, 52.138, 114.54
72201, 883.075, 958.615, 171.194, 42.286, 51.728
72301, 827.632, 952.826, 262.744, 26.685, 61.58
72401, 849.002, 952.429, 305.029, 61.17, 119.877
72501, 858.021, 988.137, 205.269, 49.264, 51.728
72601, 853.514, 1019.374, 921.246, 58.296, 217.996
72701, 3759.691, 982.016, 195.005, 22.169, 55.422
72801, 840.78, 963.936, 183.511, 57.475, 53.37
72901, 848.997, 1000.472, 172.837, 6.569, 49.675
73001, 905.703, 1085.466, 192.952, 28.738, 65.686
73101, 949.555, 996.376, 327.199, 28.737, 129.32
73201, 900.271, 969.278, 172.426, 29.969, 53.78
73301, 843.695, 1028.41, 204.447, 59.117, 55.423
73401, 836.27, 970.498, 210.605, 8.211, 58.297
73501, 858.006, 951.628, 209.374, 19.296, 51.727
73601, 891.281, 986.949, 195.416, 32.433, 51.318
73701, 865.779, 1004.149, 173.247, 26.275, 50.907
73801, 837.492, 977.086, 189.669, 53.781, 52.549
73901, 876.905, 1024.704, 211.427, 29.148, 55.423
74001, 893.335, 1020.585, 176.121, 44.338, 50.496
74101, 871.59, 1003.763, 174.478, 12.726, 52.138
74201, 855.521, 1011.155, 178.584, 50.496, 50.496
74301, 853.084, 1052.21, 195.827, 65.687, 59.528
74401, 963.956, 1005.828, 170.373, 10.263, 55.012
74501, 856.835, 1014.032, 172.836, 32.433, 51.317
74601, 908.936, 1044.839, 320.63, 91.55, 72.665
74701, 862.543, 988.989, 179.405, 19.296, 54.191
74801, 907.695, 982.016, 180.226, 44.338, 51.317
74901, 881.83, 1043.976, 183.921, 35.306, 51.317
75001, 880.247, 1059.181, 305.441, 18.474, 125.214
75101, 923.273, 993.091, 203.216, 52.549, 75.95
75201, 892.555, 1019.372, 205.269, 80.055, 80.465
75301, 886.73, 1096.549, 277.113, 25.043, 71.844
75401, 881.045, 970.092, 190.489, 68.97, 54.191
75501, 924.978, 1040.289, 198.7, 22.991, 52.549
75601, 892.938, 1068.224, 240.575, 70.202, 90.318
75701, 888.0, 1038.661, 208.553, 62.813, 52.138
75801, 924.564, 1027.993, 170.373, 71.023, 50.496
75901, 886.767, 1066.531, 221.69, 25.043, 52.549
76001, 910.919, 1085.872, 415.464, 13.137, 89.087
76101, 898.652, 1097.366, 220.869, 2.463, 60.76
76201, 1363.804, 1032.909, 199.521, 30.791, 72.665
76301, 862.547, 1023.887, 229.08, 21.758, 76.77
76401, 914.614, 1007.459, 237.701, 39.001, 94.014
76501, 896.988, 1081.767, 238.112, 25.864, 75.539
76601, 917.22, 1069.43, 218.817, 50.907, 81.287
76701, 893.716, 1108.434, 274.65, 24.632, 71.434
76801, 1008.281, 1009.927, 271.776, 113.719, 339.514
76901, 903.987, 1026.733, 202.806, 35.717, 72.665
77001, 894.982, 1037.429, 204.448, 28.738, 77.182
77101, 904.069, 1043.595, 243.038, 50.497, 76.77
77201, 886.745, 1046.051, 214.301, 6.979, 77.592
77301, 922.941, 1037.834, 214.711, 32.022, 59.118
77401, 892.123, 1263.666, 253.301, 15.6, 78.824
77501, 1619.197, 2101.103, 232.364, 75.129, 59.939
77601, 1957.434, 2019.837, 197.468, 14.779, 54.602
77701, 1984.136, 2022.734, 213.479, 17.653, 57.886
77801, 2029.665, 1987.793, 202.806, 5.748, 55.423
77901, 1950.014, 2512.879, 248.375, 18.474, 79.645
78001, 1958.253, 2314.604, 301.745, 36.948, 97.297
78101, 1890.938, 2074.416, 279.987, 36.538, 91.139
78201, 1921.317, 2247.275, 316.114, 59.117, 92.782
78301, 1934.886, 2077.319, 328.84, 7.8, 89.907
78401, 2057.588, 2035.869, 279.987, 52.549, 83.339
78501, 1965.215, 2091.301, 208.964, 10.674, 56.654
78601, 2146.269, 1977.575, 192.542, 73.897, 58.707
78701, 1992.36, 2012.888, 253.302, 25.864, 91.139
78801, 1948.799, 2042.841, 242.628, 45.98, 110.435
78901, 1919.672, 2163.136, 259.46, 61.17, 86.213
79001, 1981.292, 2396.733, 547.247, 7.8, 95.245
79101, 2507.574, 2230.841, 305.44, 42.696, 69.381
79201, 1888.896, 2263.299, 288.197, 53.781, 58.707
79301, 1874.491, 2050.635, 209.374, 59.117, 57.885
79401, 2078.531, 2083.067, 216.764, 62.402, 59.939
79501, 2004.674, 2113.04, 231.953, 1.232, 64.454
79601, 2108.967, 2124.545, 224.564, 71.433, 59.938
79701, 2293.264, 2091.677, 215.533, 4.516, 63.223
79801, 2007.948, 2161.048, 355.115, 55.012, 135.477
79901, 1890.934, 2438.191, 277.934, 5.337, 94.424
80001, 1930.733, 2200.935, 314.882, 4.516, 60.759
80101, 1980.456, 2195.58, 250.839, 61.17, 73.897
80201, 1925.785, 2068.302, 256.586, 55.012, 59.939
80301, 2032.97, 2247.694, 232.364, 36.538, 60.349
80401, 1996.842, 2166.042, 215.533, 18.063, 57.476
80501, 2018.211, 2120.851, 237.702, 47.622, 55.423
80601, 1991.964, 2145.848, 215.122, 31.201, 58.296
80701, 2029.268, 2107.333, 325.145, 50.907, 77.591
80801, 2240.281, 2117.963, 282.861, 43.928, 69.38
80901, 1890.095, 2104.003, 297.229, 34.896, 96.476
81001, 2267.771, 3012.543, 409.307, 22.579, 98.94
81101, 1936.469, 2126.581, 271.365, 79.234, 93.602
81201, 1987.849, 2127.871, 281.629, 84.981, 105.919
81301, 2080.638, 2066.241, 249.196, 11.906, 92.371
81401, 1964.872, 2272.711, 258.228, 6.569, 62.401
81501, 1983.292, 5953.637, 582.553, 125.214, 229.08
81601, 1305.509, 1100.654, 371.948, 73.076, 58.707
81701, 950.786, 1086.694, 222.101, 7.8, 68.97
81801, 949.166, 1095.295, 242.627, 97.297, 80.055
81901, 938.105, 1097.365, 225.385, 40.643, 69.791
82001, 969.704, 1104.359, 248.785, 67.328, 70.612
82101, 998.83, 1221.746, 232.775, 6.979, 67.738
82201, 957.023, 1133.922, 308.724, 2.053, 114.129
82301, 942.594, 1119.944, 286.966, 2.464, 115.361
82401, 975.047, 1233.674, 303.798, 73.486, 79.234
82501, 940.53, 1101.067, 294.766, 3.285, 94.013
82601, 1059.98, 1105.986, 229.08, 62.401, 66.918
82701, 940.571, 1119.134, 205.679, 54.191, 56.654
82801, 1006.665, 1192.203, 273.828, 49.675, 61.991
82901, 994.299, 1118.292, 201.574, 21.348, 58.297
83001, 1047.667, 1104.767, 263.155, 46.801, 58.296
83101, 974.226, 1260.356, 479.508, 204.448, 185.563
83201, 963.111, 1199.165, 445.844, 50.497, 96.065
83301, 984.871, 1119.544, 231.133, 9.443, 61.991
83401, 972.991, 1122.009, 248.786, 52.549, 64.044
83501, 990.166, 1133.9, 217.585, 45.16, 59.528
83601, 1023.054, 1106.408, 261.102, 25.043, 88.676
83701, 955.706, 1101.04, 217.995, 47.622, 63.633
83801, 951.218, 1110.091, 248.376, 10.264, 66.917
83901, 991.794, 1146.21, 202.805, 57.475, 57.475
84001, 987.732, 1105.578, 200.752, 43.928, 58.296
84101, 1002.519, 1154.448, 207.321, 40.233, 62.402
84201, 972.964, 1192.207, 300.103, 38.18, 66.917
84301, 989.447, 1150.335, 201.164, 86.623, 62.812
84401, 948.775, 1145.429, 305.029, 35.306, 84.57
84501, 1024.222, 1148.299, 219.638, 83.339, 65.686
84601, 952.873, 1147.44, 224.564, 41.464, 63.633
84701, 977.84, 1483.707, 623.607, 32.432, 98.529
84801, 1052.637, 1154.451, 262.333, 104.687, 87.855
84901, 1065.77, 1165.931, 224.975, 40.643, 66.917
85001, 1060.839, 1147.881, 205.269, 32.843, 59.528
85101, 1048.496, 1248.427, 204.448, 23.401, 60.76
85201, 1018.587, 1136.37, 208.143, 18.474, 62.402
85301, 1032.919, 1279.635, 238.933, 4.106, 69.381
85401, 1058.263, 1252.549, 253.302, 18.063, 71.433
85501, 1060.386, 1163.047, 207.732, 45.569, 61.581
85601, 1053.443, 1199.195, 208.143, 4.516, 62.812
85701, 1136.365, 1207.785, 232.774, 35.717, 63.634
85801, 966.896, 1196.305, 231.954, 57.475, 59.117
85901, 1121.94, 1193.832, 302.566, 64.044, 71.434
86001, 985.684, 1154.452, 240.985, 41.054, 63.634
86101, 1059.571, 1152.363, 238.933, 23.4, 61.581
86201, 1018.034, 1210.683, 242.217, 57.886, 63.633
86301, 1092.061, 1184.015, 240.986, 101.814, 93.602
86401, 972.59, 1167.565, 234.828, 17.243, 87.855
86501, 992.68, 1124.037, 234.827, 69.792, 83.75
86601, 1039.083, 1150.316, 231.954, 58.296, 89.497
86701, 1057.074, 1173.304, 252.07, 105.508, 94.834
86801, 1000.868, 1178.259, 264.386, 85.392, 91.55
86901, 1067.333, 1159.752, 245.091, 69.381, 105.508
87001, 1007.923, 1163.885, 222.922, 68.15, 61.58
87101, 1203.278, 1172.078, 352.652, 10.264, 202.395
87201, 1170.026, 1128.576, 246.733, 110.434, 97.708
87301, 1037.037, 1181.945, 240.985, 82.107, 123.982
87401, 1025.055, 1160.605, 270.134, 33.664, 89.497
87501, 1010.738, 1225.864, 243.859, 2.874, 89.497
87601, 1033.33, 1176.17, 245.501, 89.908, 95.244
87701, 1144.185, 1178.246, 595.28, 21.759, 206.09
87801, 1140.495, 1163.04, 236.88, 22.169, 89.908
87901, 1009.545, 1216.416, 284.502, 32.432, 104.276
88001, 1058.824, 1132.253, 245.091, 40.233, 127.266
88101, 1039.064, 1208.217, 335.82, 97.298, 94.013
88201, 1020.61, 1229.979, 286.144, 34.485, 106.74
88301, 1018.152, 1223.824, 238.112, 85.392, 114.95
88401, 1043.986, 1163.044, 254.123, 25.043, 65.686
88501, 1031.688, 1200.825, 221.28, 61.581, 61.991
88601, 1031.681, 1165.533, 223.743, 15.601, 64.865
88701, 1051.026, 1194.657, 224.564, 58.707, 64.865
88801, 1002.476, 1188.499, 221.691, 50.906, 61.991
88901, 1193.003, 1196.699, 286.145, 72.665, 165.447
89001, 1020.579, 1165.501, 245.912, 90.729, 84.981
89101, 1034.161, 1182.354, 289.429, 78.413, 94.013
89201, 1045.152, 1203.275, 289.429, 54.191, 91.55
89301, 1076.863, 1228.724, 291.071, 66.096, 140.404
89401, 1046.415, 1218.068, 431.065, 119.466, 169.142
89501, 1046.908, 1226.69, 657.681, 96.887, 77.592
89601, 1059.566, 1166.339, 238.933, 61.581, 72.665
89701, 1047.296, 1180.732, 323.914, 74.718, 144.92
89801, 1040.345, 1189.735, 293.945, 4.516, 118.235
89901, 1052.206, 1196.301, 291.071, 121.519, 122.751
90001, 1055.455, 1173.747, 315.703, 132.604, 109.613
90101, 1080.23, 1193.832, 506.193, 104.687, 304.208
90201, 1043.573, 1211.093, 451.181, 0.41, 201.985
90301, 1056.325, 1204.927, 322.272, 86.624, 130.14
90401, 1035.77, 1221.372, 290.25, 75.539, 109.614
90501, 1044.385, 1180.735, 267.671, 42.696, 97.297
90601, 1034.593, 1226.287, 750.463, 222.101, 426.549
90701, 1177.789, 1190.134, 250.428, 14.369, 103.455
90801, 1032.925, 1233.662, 268.902, 80.465, 96.887
90901, 1078.877, 1211.099, 325.145, 46.391, 90.319
91001, 1053.849, 1197.531, 328.43, 58.707, 120.698
91101, 1131.468, 1225.069, 324.325, 105.919, 122.34
91201, 1101.014, 1195.059, 253.302, 80.876, 100.992
91301, 1093.219, 1287.44, 266.029, 82.929, 105.508
91401, 1156.925, 1347.797, 273.008, 27.506, 107.561
91501, 1050.093, 1233.65, 270.134, 2.053, 97.708
91601, 1125.307, 2520.683, 377.284, 19.706, 117.824
91701, 1071.098, 1236.955, 249.197, 78.413, 98.53
91801, 1181.177, 1321.513, 298.872, 30.79, 106.74
91901, 1162.632, 1539.472, 291.893, 61.991, 139.582
92001, 1119.589, 1366.286, 498.393, 22.99, 125.624
92101, 1162.247, 1241.866, 322.683, 98.529, 120.288
92201, 1155.682, 1229.573, 273.418, 11.084, 106.74
92301, 1101.026, 1231.227, 308.313, 47.622, 112.077
92401, 1091.198, 1225.065, 315.703, 112.077, 131.372
92501, 1120.791, 1236.547, 284.502, 96.887, 107.971
92601, 1097.401, 1502.151, 386.727, 68.149, 71.434
92701, 1077.674, 1243.938, 256.586, 49.265, 70.613
92801, 1177.474, 1298.546, 261.102, 71.844, 71.434
92901, 1067.863, 1219.297, 279.576, 25.864, 66.917
93001, 1139.657, 1222.591, 228.669, 46.802, 65.275
93101, 1099.023, 1234.499, 224.975, 74.307, 66.917
93201, 1101.101, 1260.337, 263.565, 13.547, 71.023
93301, 1114.228, 1277.598, 226.206, 29.97, 70.613
93401, 1159.744, 1667.187, 469.245, 6.979, 75.129
93501, 1080.983, 1321.119, 300.103, 42.286, 86.213
93601, 1070.643, 1279.633, 228.669, 60.76, 72.254
93701, 1096.132, 1263.25, 262.334, 39.822, 67.739
93801, 1135.127, 1242.693, 250.839, 22.169, 68.56
93901, 1120.766, 1239.837, 243.039, 37.359, 68.559
94001, 1089.534, 1204.943, 292.714, 39.411, 67.739
94101, 1152.411, 1473.831, 357.168, 80.055, 83.75
94201, 1094.075, 1266.101, 229.08, 80.876, 70.202
94301, 1093.219, 1314.958, 314.472, 59.528, 68.97
94401, 1092.395, 1271.432, 260.281, 9.443, 76.771
94501, 1099.441, 1258.694, 311.188, 57.475, 80.876
94601, 1085.849, 1288.701, 291.071, 122.751, 80.465
94701, 1089.157, 1238.213, 349.368, 39.411, 107.561
94801, 1205.331, 1262.399, 361.683, 32.843, 97.708
94901, 1116.241, 1280.853, 383.442, 20.937, 182.279
95001, 1128.124, 1253.37, 273.829, 55.833, 101.814
95101, 1127.318, 1269.391, 273.418, 39.822, 103.045
95201, 1173.683, 1340.783, 348.957, 10.264, 112.077
95301, 1455.305, 1300.154, 268.492, 35.717, 94.424
95401, 1148.703, 1241.834, 268.902, 72.254, 122.341
95501, 1086.689, 1273.458, 300.513, 76.36, 121.108
95601, 1103.925, 1264.464, 287.376, 97.708, 117.004
95701, 1170.433, 1367.914, 334.589, 59.938, 147.383
95801, 1110.519, 1253.771, 299.282, 60.759, 125.624
95901, 1182.756, 1275.531, 302.567, 64.455, 123.983
96001, 1117.883, 1263.206, 304.208, 31.201, 145.741
96101, 1126.944, 1297.283, 1391.312, 103.866, 476.224
96201, 1108.491, 1274.722, 301.746, 18.064, 88.676
96301, 1139.268, 1300.58, 312.83, 108.793, 82.108
96401, 1110.46, 1304.282, 587.069, 327.199, 219.227
96501, 1212.337, 1297.294, 340.746, 74.718, 125.625
96601, 1124.464, 1275.14, 672.05, 52.549, 141.636
96701, 1177.786, 1319.47, 300.513, 74.307, 107.971
96801, 1122.797, 1279.259, 419.159, 9.031, 185.973
96901, 1124.461, 1281.29, 288.197, 104.276, 103.045
97001, 1154.805, 1292.372, 363.737, 128.088, 153.13
97101, 1113.375, 1323.993, 339.515, 32.433, 132.603
97201, 1158.527, 1451.668, 341.978, 122.751, 145.741
97301, 1147.003, 1337.936, 589.942, 204.858, 151.488
97401, 1196.725, 1378.591, 333.767, 94.424, 143.688
97501, 1235.761, 1482.029, 363.737, 120.698, 128.909
97601, 1169.254, 1441.835, 607.595, 128.087, 215.532
97701, 1195.88, 1282.523, 315.703, 100.171, 128.909
97801, 1105.179, 1305.487, 330.072, 106.329, 130.14
97901, 1145.831, 1306.328, 473.76, 185.973, 272.186
98001, 1149.112, 1312.074, 322.682, 119.467, 120.698
98101, 1227.92, 1738.605, 365.379, 25.043, 156.004
98201, 1299.387, 1341.638, 353.473, 105.508, 144.099
98301, 1205.357, 1570.295, 302.156, 97.708, 99.761
98401, 1154.049, 1313.31, 280.397, 79.233, 105.098
98501, 1128.551, 1465.632, 498.393, 76.771, 94.834
98601, 1250.485, 1439.364, 282.86, 62.402, 80.055
98701, 1865.066, 1463.562, 905.646, 94.834, 182.69
98801, 1146.585, 1291.117, 335.41, 90.318, 132.193
98901, 1150.74, 1313.713, 315.704, 15.19, 117.824
99001, 1159.786, 1295.241, 307.492, 71.023, 114.951
99101, 2321.989, 1331.373, 264.386, 21.348, 89.086
99201, 1285.397, 1378.587, 277.113, 58.707, 82.107
99301, 1241.441, 1378.186, 651.113, 213.89, 249.606
99401, 1149.892, 1324.007, 341.157, 53.78, 109.614
99501, 1144.959, 1326.444, 300.513, 58.297, 118.646
99601, 1184.47, 1327.264, 282.45, 65.686, 142.457
99701, 1181.145, 1341.212, 309.546, 100.582, 109.203
99801, 1173.748, 1318.229, 268.902, 10.263, 101.813
99901, 1202.878, 1377.742, 300.103, 79.233, 135.477
